priority,slug,working_title,models,intent,primary_offer,source_ids,evidence_gate
1,olive-4hd-stuck-waking-up,Olive 4HD stuck on Waking Up or System Starting Up,O4HD,startup failure,Non-destructive startup decision tree,community-whathifi-wakeup|community-reddit-ssd|blog-5khz-disk,Separate network/display/disk symptoms and physically verify any product instructions
1,olive-remote-app-replacement,Olive app gone: how to control a legacy Olive locally,Olive 2|Olive 4|O3HD|O4HD|O6HD,app loss and reconnect,Olive Remote model check and manual-IP setup,app-appbrain-olive|community-stereonet-olive4|community-volumio-dlna,State model compatibility evidence explicitly and do not imply Olive ONE compatibility
1,olive-4hd-hard-drive-ssd-recovery,Olive 4HD hard-drive or SSD failure: preserve before repair,O4HD,drive failure and boot recovery,Preservation-first triage and clone guidance,community-reddit-ssd|blog-5khz-disk|pdf-lydo-exporter,Require owner authorization and warn against writing to the original disk
1,olive-library-export-recovery,How to export or recover an Olive music library,O3HD|O4HD|O6HD,backup export and migration,Backup/export options and realistic recovery limits,pdf-lydo-exporter|community-roon-abandoned|community-pistonheads,Test procedures on disposable copies and distinguish encrypted/proprietary cases
1,olive-firmware-recovery-index,Olive firmware and recovery images: versions provenance and risks,O3HD|O4HD|O6HD|ONE,firmware wanted,Version/provenance ledger without unverified downloads,community-diyaudio-one|community-martinlogan-firmware|blog-lydo-firmware,No hosting until rights provenance hashes malware scan and model compatibility are verified
1,olive-windows-11-smb,Olive music servers and Windows 11 SMB or NAS access,ONE|O3HD|O4HD|O6HD,Windows networking failure,Secure compatibility decision tree,community-diyaudio-one|community-audiostereo-transfer|community-whirlpool,Do not recommend insecure SMB1 exposure without isolation and explicit risk language
1,olive-display-touchscreen-failure,Olive display or touchscreen failure: server test and remote fallback,O4HD|O6HD,white screen freeze and control loss,Distinguish display board from server failure and offer local remote fallback,blog-5khz-display|community-whathifi-wakeup|community-hifi4all,Verify fallback behavior per model and firmware
1,olive-one-firmware-app-support,Olive ONE firmware 2.3.5 app loss and recovery resource,ONE,firmware app and abandonment,Separate ONE-specific resource and opt-in diagnostic,community-diyaudio-one|community-reddit-one-update|video-youtube-one-paperweight,Keep ONE architecture separate from HD-series compatibility claims
2,olive-internet-radio-shutdown,Why Olive internet radio stopped and what remains possible,Opus 4|O3HD|O4HD|O6HD,dead internet radio,Service-dependency explanation and lawful alternatives,blog-florian-opus|community-ls35a-o3hd|blog-lydo-hub,Do not imply restoration of third-party services without a tested route
2,olive-maestro-discovery,Olive Maestro and network discovery troubleshooting,Olive 4|O3HD|O4HD|O6HD,Maestro discovery and IP connection,LAN discovery checklist and manual connection,pdf-lydo-support|manual-olive4|community-roon-zone,Avoid exposing devices beyond the local network
2,olive-cd-ripping-metadata,Olive CD ripping metadata and album-art problems,Musica|O3HD|O4HD|O6HD,CD rip and metadata failure,Manual metadata and safe drive diagnosis,community-whathifi-o3hd|pdf-lydo-support|community-diyaudio-one,Do not promise restoration of discontinued metadata services
2,olive-retain-repair-migrate,Keep repair migrate or replace a legacy Olive,all,commercial comparison,Honest decision matrix by symptom data value and model,community-reddit-musica|community-stereonet-olive4|community-volumio-dlna,Disclose Olive Remote affiliation and product limits
2,olive-o3hd-startup-repair,Olive O3HD will not boot read or rip: diagnosis path,O3HD,startup and optical-drive failure,Model-specific diagnosis and recovery links,community-whathifi-o3hd|community-allaboutcircuits|blog-lydo-disk,Do not generalize O4HD board or recovery steps without evidence
2,olive-o6hd-freeze-firmware,Olive O6HD freezing firmware and parts guide,O6HD,freeze firmware and parts,Known-version and component-risk guide,community-martinlogan-firmware|community-hifichile|archive-org-o6hd,Freshly verify any repair provider or part compatibility
2,olive-used-buyers-checklist,Buying a used Olive music server in 2026,all,used purchase and risk,Pre-purchase boot network library and backup checklist,market-hifishark-o4hd|market-hifishark-one|market-usaudiomart-sold,Use aggregate prices only and never profile individual sellers
3,olive-model-identification,Which Olive music server do I have,all,model identification,Photo and label based model selector,archive-olive-us|manual-o3o4-quickstart|manual-one,Use verified model aliases and flag regional variants
