id,priority,category,platform,title,url,models,issues,language,activity,status,access,posting_route,collection_policy,notes
community-diyaudio-one,1,community,diyAudio,Olive ONE music server update file for the ONE,https://www.diyaudio.com/community/threads/olive-one-music-server-update-file-for-the-one.431753/,ONE,firmware|obsolete app|Windows 11 SMB|display|metadata|resync,en,2025-09 to 2026-01,active,public,Register and reply helpfully after checking rules,Manual metadata or permission/API only; no profiles,Best live Olive-specific owner nucleus found
community-stereonet-olive4,1,community,StereoNET,Olive 4,https://www.stereonet.com/forums/topic/624665-olive-4/,Olive 4|O4HD,iMaestro|recovery|support loss|FLAC export|Roon,en,2025-06,active,public,Register and reply after commercial-post review,Manual metadata or permission/API only,Recent thread with current and former owners
community-avs-official,1,community,AVSForum,Official Olive thread,https://www.avsforum.com/threads/official-olive-thread-opus-4-opus-6-melody-2-olive-2-olive-4-4hd-06hd.1091695/,Opus 4|Opus 6|Melody 2|Olive 2|Olive 4|O4HD|O6HD,all legacy support themes,en,2008 onward,verify-open,public,Ask moderators before a resource post or collection,Manual index only until written permission; do not bypass bot challenge,Largest historical owner corpus at 115 plus pages
community-martinlogan-firmware,1,community,MartinLogan Owners,New software update for Olive music servers,https://www.martinloganowners.com/threads/new-software-update-for-the-olive-music-servers.13540/,O4HD|O6HD,firmware|freezing|missing support|proprietary parts,en,2012 to 2024,active,public,Register and add genuinely useful diagnostics,Manual metadata or permission only,Historical thread revived by an O6HD owner in 2024
community-whathifi-wakeup,1,community,What Hi-Fi,Olive 4HD stuck on Waking Up,https://forums.whathifi.com/threads/olive-4hd.128199/,O4HD,wont wake|startup|recovery,en,2023,active-platform,public,Register and reply if thread rules allow,Manual metadata or permission only,Direct high-intent failure report
community-reddit-ssd,1,community,Reddit,O4HD SSD recovery discussion,https://www.reddit.com/r/linux4noobs/comments/1hoxlcv/,O4HD,SSD|clone|boot recovery|recovery files,en,2024-12,verify-open,public,Contextual comment only if unlocked and useful,Approved Reddit API or manual in-platform only; exclude usernames,Recent direct rescue intent
community-reddit-musica,1,community,Reddit,Replacing an Olive Musica,https://www.reddit.com/r/audiophile/comments/196w6nq/,Musica,metadata|loading|replacement|migration,en,2024-01,verify-open,public,Contextual comment only if unlocked and useful,Approved Reddit API or manual in-platform only; exclude usernames,Recent legacy replacement intent
community-forumhifi-opus4,1,community,Forum HiFi France,Olive Opus 4 owner help,https://forum-hifi.fr/thread-35708.html,Opus 4,continued use|owner assistance,fr,2024-09,active,public,Post in French after rules review,Manual metadata or permission only,Same-day replies in 2024
community-ls35a-o3hd,1,community,LS3/5a Forum,Olive O3HD and discontinued support,https://www.ls3-5a-forum.com/viewtopic.php?p=1059300,O3HD|O4HD,discontinued app|internet radio|support loss,fr,2024-08,active,public,Post in French after rules review,Manual metadata or permission only,Current regional owner signal
community-audiostereo-o4hd-drive,1,community,AudioStereo Poland,Olive O4HD SSD or drive failure,https://www.audiostereo.pl/topic/163569-olive-hd-04/,O4HD,HDD|SSD|boot|repair,pl,2023,active-platform,public,Post in Polish after rules review,Manual metadata or permission only,Recent regional repair intent
community-volumio-dlna,1,community,Volumio,No tracks in DLNA browser from Olive 4HD,https://community.volumio.com/t/no-tracks-in-dlna-browser/47954,O4HD,DLNA|slow touchscreen|missing app|NAS migration,en,2021 to 2022,active-platform,public,Reply only with a relevant interoperability answer,Discourse API only if allowed or manual metadata,Useful migration and control-app pain
community-roon-abandoned,1,community,Roon,Abandoned Olive user,https://community.roonlabs.com/t/abandoned-olive-user/55752,O4HD,proprietary backup|recovery|migration,en,2018 to 2025,closed,public,Read-only; create a new disclosed resource topic if allowed,Discourse API only if allowed or manual metadata,Closed April 2025 but excellent issue language
app-appbrain-olive,1,app_aggregate,AppBrain,Olive Android app history and reviews,https://www.appbrain.com/app/olive-app/olive.app?install=appwidget,Olive 2|Olive 4|O3HD|O4HD|O6HD,app disappearance|IP reconnect|reinstall|discovery,en,last app update 2011,read-only,public,No posting route,Aggregate metrics only; do not collect reviewer identities,Installed-base proxy with estimated downloads and ratings
archive-commoncrawl,1,dataset,Common Crawl,Common Crawl URL Index,https://index.commoncrawl.org/,all,official site archive|support pages|retailers|reviews,multi,ongoing,active,public,Not a posting channel,Use URL index and WARC byte ranges; metadata-first and respect rights,Sanctioned archive route with historical olive.us coverage
archive-olive-us,1,official_archive,Common Crawl and Wayback,Archived olive.us,https://web.archive.org/web/*/http://www.olive.us/*,all,official support|customer stories|retailers|software|FAQs,en,2005 to 2018,archived,public,Not a posting channel,Archive metadata and public pages only; exclude accounts and forms,Historical first-party source
archive-downloads-olive,1,official_archive,Wayback,Archived downloads.olive.us,https://web.archive.org/web/*/http://downloads.olive.us/*,all,firmware|recovery images|software,en,2005 to 2018,archived,public,Not a posting channel,Index filenames only until redistribution rights and malware checks are established,Potential firmware provenance source
community-diyaudio-one-old,2,community,diyAudio,Historical Olive ONE thread,https://www.diyaudio.com/community/threads/olive-one.272712/,ONE,crowdfunding|firmware|ownership,en,historical,closed,public,Read-only,Manual metadata only,Historical context
community-diyaudio-o4hd-dead,2,community,diyAudio,Olive 4HD finally died,https://www.diyaudio.com/community/threads/olive-4hd-finally-died.336711/,O4HD,motherboard|reuse|Raspberry Pi,en,2019,closed,public,Read-only,Manual metadata only,Repair and repurpose vocabulary
community-roon-o4hd,2,community,Roon,Olive 4HD and Roon software,https://community.roonlabs.com/t/olive-4hd-and-roon-software/1286,O4HD,Roon|migration|library,en,historical,read-only-or-old,public,Use a new topic if existing thread is closed,Discourse API only if allowed or manual metadata,Migration audience
community-roon-zone,2,community,Roon,Zone recognition for Olive O4HD,https://community.roonlabs.com/t/zone-recognition-olive-04hd-server/35261,O4HD,zone discovery|network|Roon,en,historical,read-only-or-old,public,Use a new topic if existing thread is closed,Discourse API only if allowed or manual metadata,Network discovery intent
community-roon-one,2,community,Roon,Roon on the Olive ONE player,https://community.roonlabs.com/t/roon-on-the-olive-one-player/11580,ONE,database|Wi-Fi|Bluetooth|pauses|storage|replacement software,en,2016 to 2024,active-platform,public,Reply or start a focused migration topic per rules,Discourse API only if allowed or manual metadata,Technical owner cluster
community-whathifi-o3hd,2,community,What Hi-Fi,Problem with Olive O3HD,https://forums.whathifi.com/threads/problem-wiht-olive-03hd.77843/,O3HD,CD read|rip|hanging,en,2013,active-platform,public,Register and reply only if still relevant,Manual metadata or permission only,Direct hardware and ripping pain
community-whathifi-caution,2,community,What Hi-Fi,Olive 4HD cautionary tale,https://forums.whathifi.com/threads/oilve-4hd-cautionary-tale.52677/,O4HD,support|quality|failure,en,2010,active-platform,public,Do not revive solely to promote,Manual metadata only,Historical objections and language
community-whathifi-repair,2,community,What Hi-Fi,Historical O3HD repair report,https://forums.whathifi.com/threads/olive-%C2%A3hd.89849/,O3HD,repair|service,en,2014,active-platform,public,Verify any repair provider before mentioning,Manual metadata only,Historical repair evidence only
community-rune-one-support,2,community,RuneAudio,Supporting the Olive ONE player,https://www.runeaudio.com/forum/supporting-the-olive-one-player-t3725-10.html,ONE,alternative OS|duplicates|split albums|freezing,en,2016 onward,verify-open,public,Register and verify posting is functional,Manual metadata or permission only,Open-source alternative audience
community-rune-one-status,2,community,RuneAudio,Olive ONE status,https://www.runeaudio.com/forum/olive-one-status-t4858.html,ONE,company status|support loss|software,en,historical,verify-open,public,Register and verify posting is functional,Manual metadata or permission only,Abandonment context
community-minimserver-one,2,community,MinimServer,Olive ONE app and UPnP crash,https://forum.minimserver.com/showthread.php?pid=11192,ONE,app crash|UPnP|network,en,historical,active-platform,public,Register and contribute only relevant UPnP guidance,Manual metadata or permission only,Interoperability niche
community-stereonet-crowdfund,2,community,StereoNET,Olive ONE crowdsourced and no more proprietary encryption,https://www.stereonet.com/forums/topic/426366-olive-one-crowdsourced-and-no-more-proprietary-encryption/,ONE,crowdfunding|encryption|delivery,en,2012 to 2015,historical,public,Do not mine participants; new transparent resource topic is preferable,Manual metadata only,Large historical backer discussion
community-stereonet-one,2,community,StereoNET,Olive ONE,https://www.stereonet.com/forums/topic/53909-olive-one/,ONE,ownership|delivery|firmware,en,historical,active-platform,public,Check rules before replying,Manual metadata only,Historical owner pool
community-stereonet-server,2,community,StereoNET,Olive music server,https://www.stereonet.com/forums/topic/28199-olive-music-server/,legacy,ownership|purchase|support,en,historical,active-platform,public,Check rules before replying,Manual metadata only,Historical purchase intent
community-stereonet-review,2,community,StereoNET,Olive 4HD owner review,https://www.stereonet.com/forums/topic/217398-olive-4hd-review/,O4HD,review|ownership|performance,en,historical,active-platform,public,Do not revive solely to promote,Manual metadata only,Owner vocabulary and objections
community-stereonet-advice,2,community,StereoNET,Advice on Olive 4HD,https://www.stereonet.com/forums/topic/397327-advice-olive-4hd/,Olive 2|O4HD,large library|slowdown|encryption,en,historical,active-platform,public,Do not revive solely to promote,Manual metadata only,Purchase objections and migration pain
community-avforums,2,community,AVForums,Olive HD discussion thread,https://www.avforums.com/threads/avforums-olive-hd-discussion-thread.1223658/,O3HD|O4HD|O6HD,firmware|network|library|support,en,historical,verify-open,public,Ask moderator before a vendor/resource post,Manual metadata or permission only,Broad UK owner archive
community-hifi4all,2,community,HIFI4ALL Denmark,Olive 4HD multi-page thread,https://hifi4all.dk/forum/forum_posts.asp?PN=70&TID=82296&TPN=9,O4HD,beta firmware|display freeze|boot delay|backup failure,da,historical,verify-open,public,Native-language post after moderator/rules check,Manual metadata or permission only,Deep Danish owner archive
community-hififorum-defects,2,community,HIFI-FORUM Germany,Olive O4HD defects,https://www.hifi-forum.de/viewthread-230-2768.html,O4HD,crash|freeze|repair dispute,de,through 2023,active-platform,public,Post in German after vendor rules review,Manual metadata or permission only,Large German platform
community-aktiveshoeren,2,community,Aktives Hören,Olive owner thread,https://www.aktives-hoeren.de/viewtopic.php?t=1147,legacy,ownership|setup|performance,de,historical,active-platform,public,Post in German after rules review,Manual metadata or permission only,Regional archive
community-audiostereo-transfer,2,community,AudioStereo Poland,Transfer files to Olive O4HD,https://www.audiostereo.pl/topic/103074-transfer-plik%C3%B3w-do-olive-04hd-help/,O4HD,Windows transfer|network|firmware,pl,historical,active-platform,public,Post in Polish after rules review,Manual metadata or permission only,Regional networking pain
community-stereohifi-o3hd,2,community,Stereo Hi-Fi Poland,Olive O3HD failure,https://forum.stereo-hifi.com/topic/549-olive-03hd/,O3HD,failure|repair|boot,pl,historical,active-platform,public,Post in Polish after rules review,Manual metadata or permission only,Regional repair signal
community-mobile01,2,community,Mobile01 Taiwan,Olive ONE owner and backer thread,https://www.mobile01.com/topicdetail.php?f=348&t=4008087,ONE,backer|delivery|ownership|firmware,zh-Hant,historical,active-platform,public,Native-language post after moderator/rules check,Manual metadata or permission only,Taiwanese owner cluster
community-myhiend,2,community,MY-HIEND,Olive HD mega-thread,https://www.my-hiend.com/vbb/printthread.php?page=55&pp=10&t=2083,O3HD|O4HD|O6HD,disk|database|firmware|radio|sleep|UPnP,zh-Hant,historical,verify-open,public,Verify canonical live thread and rules before posting,Manual metadata or permission only,Deep Traditional Chinese archive
community-htforum-one,2,community,HTForum Netherlands,Olive ONE crowdfunding,https://www.htforum.nl/index.php?topic=129498.0,ONE,crowdfunding|delivery|ownership,nl,historical,active-platform,public,Post in Dutch after rules review,Manual metadata or permission only,Regional backer context
community-htforum-o3hd,2,community,HTForum Netherlands,O3HD replacement discussion,https://www.htforum.nl/index.php?topic=111861.0,O3HD,replacement|migration|failure,nl,historical,active-platform,public,Post in Dutch after rules review,Manual metadata or permission only,Regional migration intent
community-forumhifi-olive,2,community,Forum HiFi France,Other Olive owner discussion,https://forum-hifi.fr/thread-24419.html,legacy,ownership|repair|migration,fr,historical,active-platform,public,Post in French after rules review,Manual metadata or permission only,Regional discovery source
community-forumhifi-migration,2,community,Forum HiFi France,Olive and server migration discussion,https://forum-hifi.fr/thread-2315.html,legacy,network|migration|library,fr,historical,active-platform,public,Post in French after rules review,Manual metadata or permission only,Regional discovery source
community-hifichile,2,community,HiFi Chile,Olive O6HD,https://www.hifichile.cl/topic/24237-olive-06hd/,O6HD,power supply|repair|music recovery,es,2018,active-platform,public,Post in Spanish after rules review,Manual metadata or permission only,Latin American owner archive
community-post76,2,community,Post76 Hong Kong,Olive owner discussion,https://post76.hk/thread-59337-1-1.html,legacy,ownership|setup|support,zh-Hant,historical,verify-open,public,Native-language post after rules review,Manual metadata or permission only,Hong Kong owner archive
blog-lydo-hub,2,technical_blog,Lydo,Olive resource hub,https://www.lydo.nl/olive/,all,firmware|backup|Maestro|internet radio|SSH|app,en,2015 to 2019,read-only,public,Potential partnership or citation after contact,Fetch only with permission/robots compliance; short factual extracts,Best independent preservation hub
blog-lydo-category,2,technical_blog,Lydo,Olive article index,https://www.lydo.nl/category/olive/,all,firmware|backup|repair|software,en,2015 to 2019,read-only,public,Potential partnership or citation after contact,Fetch only with permission/robots compliance; short factual extracts,Article discovery index
blog-lydo-firmware,2,technical_blog,Lydo,Update firmware on Olive HD models,https://www.lydo.nl/olive/update-firmware-on-olive-hd-models/,O3HD|O4HD|O6HD,firmware|update sequencing|risk,en,2017,read-only,public,Not a posting channel,Short factual extracts only,Important safety and sequence information
blog-lydo-disk,2,technical_blog,Lydo,Hard disk replacement on Olive 3HD,https://www.lydo.nl/olive/harddisk-replacement-on-an-olive-3hd/,O3HD,HDD|replacement|recovery,en,2017,read-only,public,Not a posting channel,Short factual extracts only,Repair-intent support content
pdf-lydo-support,2,manual_archive,Lydo,Olive Tech Support Inter,https://www.download.lydo.nl/Olive/Info%20%26%20Tools/Olive%20Tech%20Support%20Inter.pdf,all,update|recovery|Maestro|backup|metadata|app|CD|USB,en,historical,read-only,public,Not a posting channel,Internal index only; do not republish wholesale,Preserved former support procedures
pdf-lydo-exporter,2,manual_archive,Lydo,Olive Backup Exporter guide,https://www.lydo.nl/download/Olive/Backup%20Exporter/Olive-Backup-Exporter.pdf,O3HD|O4HD|O6HD,backup|export|Linux HDD|metadata,en,historical,read-only,public,Not a posting channel,Internal index only; do not republish wholesale,Recovery and migration guide
blog-5khz-disk,2,technical_blog,5 kHz,Troubleshooting O4HD and replacing hard disk,https://www.5khz.com/2014/09/09/troubleshooting-an-olive-o4hd-and-replacing-the-hard-disk/,O4HD,lockup|HDD clone|ext3 repair,en,2014,read-only,public,Potential citation or expert partnership,Short factual extracts only,Deep repair knowledge
blog-5khz-display,2,technical_blog,5 kHz,Solving O4HD display issues,https://www.5khz.com/2015/02/01/soliving-issues-with-the-olive-o4hd-display/,O4HD,display freeze|boot|SMedia|USB board,en,2015,read-only,public,Potential citation or expert partnership,Short factual extracts only,Deep display repair knowledge
blog-5khz-serial,2,technical_blog,5 kHz,O4HD serial port analysis,https://www.5khz.com/2014/11/30/the-olive-o4hd-serial-port/,O4HD,serial|diagnostics|embedded Linux,en,2014,read-only,public,Potential citation or expert partnership,Short factual extracts only,Advanced repair research
blog-florian-opus,2,technical_blog,Florian Wolters,Hacking an Olive Opus 4,https://www.florian-wolters.de/posts/hacking-an-olive-opus4/,Opus 4,internet radio|olive.us dependency|SSH|Linux,en,2020,read-only,public,Potential citation or expert partnership,Short factual extracts only,Explains service shutdown failure mode
code-zcryp,2,code,GitHub,dogshoes zcryp,https://github.com/dogshoes/zcryp,O3HD|O4HD|O6HD,software update|decrypt|firmware,en,ongoing,public-repository,public,Use GitHub issues only for real technical collaboration,GitHub API/clone per repository license,MIT-licensed preservation utility
campaign-indiegogo,2,campaign,Indiegogo,Olive ONE campaign,https://www.indiegogo.com/projects/olive-one-all-in-one-home-music-player-designed-by-you,ONE,backer|delivery|refund|firmware|abandonment,en,2012 onward,read-only-or-restricted,public-or-backer-only,Use campaign comments only where access and rules permit,Manual in-platform aggregate themes only; never export backers,No public backer contact dataset
archive-olivehifi,2,official_archive,Wayback,Archived olivehifi.com,https://web.archive.org/web/*/http://www.olivehifi.com/*,all,products|support|dealers,en,2005 to 2018,archived,public,Not a posting channel,Archive metadata and public pages only; exclude accounts and forms,Former official domain
archive-olivehd,2,official_archive,Wayback,Archived olivehd.com,https://web.archive.org/web/*/http://www.olivehd.com/*,HD models,products|support|marketing,en,2005 to 2018,archived,public,Not a posting channel,Archive metadata and public pages only; exclude accounts and forms,Former official domain
archive-myoliveone,2,official_archive,Wayback,Archived myoliveone.com,https://web.archive.org/web/*/http://www.myoliveone.com/*,ONE,product|campaign|support|software,en,2012 to 2018,archived,public,Not a posting channel,Archive metadata and public pages only; exclude accounts and forms,Former Olive ONE domain
archive-zendesk,2,official_archive,Wayback,Archived Olive Media Zendesk,https://web.archive.org/web/*/https://olivemediainc.zendesk.com/*,all,support articles|community questions,en,2012 to 2018,archived-incomplete,public,Not a posting channel,Index public support URLs only; exclude accounts and user profiles,Dynamic pages may be incomplete
social-youtube-official,2,social,YouTube,Former Olive Media YouTube channel,https://www.youtube.com/user/olivemedia,all,demos|setup|comments|owner questions,en,historical,verify-live,public,Helpful replies only from a disclosed account,YouTube Data API for video/comment metadata; redact commenter identity,Former official account referenced by archived site
social-x-official,2,social,X,Former Olive HD Music account,https://x.com/OliveHDMusic,all,product announcements|owner replies,en,historical,verify-live,public,Do not mass reply or scrape followers,Official API/search or manual aggregate themes only,Former official handle referenced by archived site
social-facebook-official,2,social,Facebook,Former Olive Media page,https://www.facebook.com/pages/San-Francisco-CA/Olive-Media/208136224771,all,owner comments|product history,en,historical,verify-live,public-or-login,Do not scrape members or message commenters,Manual in-platform research or approved API only,Archived official-site link
social-linkedin-official,3,social,LinkedIn,Former Olive Media company presence,https://www.linkedin.com/,all,former company|former dealers|industry history,en,historical,search-only,login,Use only public business outreach where relevant,Manual business research; no employee harvesting,Useful for partnership history not owner leads
community-allaboutcircuits,3,community,All About Circuits,Broken O3HD music server DAC,https://forum.allaboutcircuits.com/threads/looking-for-advice-concerning-a-broken-music-server-dac.168457/,O3HD,dead unit|DAC reuse|parts,en,2020,active-platform,public,Technical reply only if useful,Manual metadata or permission only,Repair niche
community-lyrion-musica,3,community,Lyrion Squeezebox,Olive Musica,https://forums.lyrion.org/forum/user-forums/audiophiles/21567-olive-musica,Musica,boot|CD drive|crash|network|backup,en,2006,historical,public,Verify thread relevance before posting,Manual metadata or permission only,Older first-generation owners
community-digitalspy,3,community,Digital Spy,Olive O3 music centre help,https://forums.digitalspy.com/discussion/1706021/olive-o3-music-centre-help-please,O3,help|support|operation,en,2012,active-platform,public,Do not revive solely to promote,Manual metadata only,Historical UK owner signal
community-audiocircle-firmware,3,community,AudioCircle,Olive firmware discussion,https://www.audiocircle.com/index.php?topic=39194.0,legacy,firmware|support,en,historical,active-platform,public,Check rules before any new resource topic,Manual metadata only,Historical community
community-audiocircle-usergroup,3,community,AudioCircle,Olive customer panel and user group pointer,https://www.audiocircle.com/index.php?topic=37875.0,legacy,user group|customer panel,en,2007,active-platform,public,Use only as archive provenance,Manual metadata only,Points to a defunct ProBoards owner group
community-pistonheads,3,community,PistonHeads,O3HD backup and FLAC export,https://www.pistonheads.com/gassing/topic.asp?f=202&h=0&t=1671514,O3HD,backup|FLAC export|Linux recovery,en,2017,historical,public,Low-priority helpful reply only,Manual metadata only,Migration vocabulary
community-beoworld,3,community,Beoworld Archive,Olive ONE archived discussion,https://archivedforum2.beoworld.org/forums/t/5471.aspx,ONE,delivery|refund|app|bugs,en,historical,read-only,public,No posting route,Manual metadata only,Backer complaints archive
community-whirlpool,3,community,Whirlpool Archive,Olive Opus 4 networking,https://forums.whirlpool.net.au/archive/1732487,Opus 4,network|Wi-Fi,en,2011,read-only,public,No posting route,Manual metadata only,Australian archive
market-usaudiomart-sold,3,marketplace,US Audio Mart,Sold Olive 4HD listing,https://www.usaudiomart.com/details/649612293-olive-4hd/,O4HD,resale|pricing|lifecycle,en,historical,read-only,public,Do not contact historical seller or build seller history,Aggregate model/price/date only,Sold listing is lifecycle signal not a lead list
market-hifishark,3,marketplace,HiFiShark,Olive saved-search monitoring,https://www.hifishark.com/,all,resale|parts|broken units,multi,ongoing,active,public,Use allowed alerts and contextual current-market research,Aggregate listing metadata only; no seller identity profiling,Good cross-market availability proxy
market-ebay,3,marketplace,eBay,Olive music server saved searches,https://www.ebay.com/,all,resale|parts|for repair,multi,ongoing,active,public,Use native saved searches; no seller scraping,Official API or allowed alerts; aggregate metadata only,Current installed-base turnover proxy
market-audiogon,3,marketplace,Audiogon,Olive listings and discussions,https://www.audiogon.com/,all,resale|owner discussion,en,ongoing,active,public,Use native search and forum rules,Allowed alerts/API/manual aggregate only,Specialist audio audience
review-hometheaterhifi,3,review,Secrets of Home Theater and High Fidelity,Olive O4HD review,https://hometheaterhifi.com/reviews/audio-player/media-servers/olive-o4hd-music-server-for-the-audiophile/,O4HD,features|expectations|review,en,historical,read-only,public,Potential editorial update or link request via public business contact,Metadata and short factual extracts only,SEO and audience-language source
review-theaterbyte,3,review,TheaterByte,Olive 4HD review,https://www.theaterbyte.com/olive-4hd-hi-fi-music-server-review/,O4HD,features|expectations|review,en,historical,read-only,public,Potential editorial update or link request via public business contact,Metadata and short factual extracts only,SEO and audience-language source
review-soundvision,3,review,Sound and Vision,Olive 4HD review page 2,https://www.soundandvision.com/content/olive-4hd-music-server-page-2,O4HD,features|performance|review,en,historical,read-only,public,Potential editorial update or link request via public business contact,Metadata and short factual extracts only,SEO and audience-language source
review-digitaltrends,3,review,Digital Trends,Olive 4HD review,https://www.digitaltrends.com/home-theater/olive-4hd-review/,O4HD,features|performance|review,en,historical,read-only,public,Potential editorial update or link request via public business contact,Metadata and short factual extracts only,High-authority historical review
review-adventureshifi,3,review,Adventures in HiFi Audio,Olive 4HD welcome to the future of music,https://www.adventuresinhifiaudio.com/01/08/2010/olive-4hd-hifi-music-server-welcome-to-the-future-of-music/,O4HD,features|ownership|review,en,historical,read-only,public,Potential editorial update or link request via public business contact,Metadata and short factual extracts only,Niche enthusiast readership
manual-o3o4-quickstart,3,manual_archive,HiFiGear,O3HD and O4HD quick-start guide,https://www.hifigear.co.uk/media/uploads/Olive_3HD4HD_UG.pdf,O3HD|O4HD,setup|network|operation,en,historical,read-only,public,Not a posting channel,Internal index only; do not republish wholesale,Support vocabulary
manual-o3hd,3,manual_archive,Manuals Plus,O3HD user guide,https://manuals.plus/wp-content/uploads/2023/10/Olive-O3HD-500GB-Music-Server-User-Guide.pdf,O3HD,setup|network|operation,en,historical,read-only,public,Not a posting channel,Internal index only; do not republish wholesale,Support vocabulary
manual-olive4,3,manual_archive,ManualsLib,Olive 4 Maestro documentation,https://www.manualslib.com/manual/259225/Olive-Olive-4.html?page=30,Olive 4,Maestro|network|library,en,historical,read-only,public,Not a posting channel,Internal index only; do not republish wholesale,Support vocabulary
manual-o4hd,3,manual_archive,ManualMachine,Olive 4HD manual,https://manualmachine.com/olivemediaproducts/4hd/761071-user-manual/,O4HD,setup|network|library,en,historical,read-only,public,Not a posting channel,Internal index only; do not republish wholesale,Support vocabulary
manual-opus,3,manual_archive,Manualzz,Olive OPUS manual,https://manualzz.com/doc/7071824/olive-opus-audio-system-user-manual,OPUS,setup|network|library,en,historical,read-only,public,Not a posting channel,Internal index only; do not republish wholesale,First-generation support vocabulary
manual-symphony-musica,3,manual_archive,Manualzz,Symphony and Musica guide,https://manualzz.com/doc/32891721/olive-symphony--musica-music-center-user-s-guide,Symphony|Musica,setup|network|library,en,historical,read-only,public,Not a posting channel,Internal index only; do not republish wholesale,First-generation support vocabulary
manual-one,3,manual_archive,Device.report,Olive ONE quick-start and FCC manual,https://device.report/m/0a6ffc3e39067a2fbcf6faec191f75a2319d8133204f5a04fcde06ab0c8e214d,ONE,setup|network|operation,en,historical,read-only,public,Not a posting channel,Internal index only; do not republish wholesale,FCC-origin device documentation
community-reddit-one-update,1,community,Reddit,Olive ONE SWU update request,https://www.reddit.com/r/u_Oliveonemusicserver/comments/1nbuv4o,ONE,firmware|SWU|USB update|support loss,en,2025-09,verify-open,public,Answer publicly only if relevant and unlocked,Approved Reddit API or manual in-platform only; exclude usernames,Recent direct firmware intent
video-youtube-official-one,1,video,YouTube,Official Olive ONE introduction,https://www.youtube.com/watch?v=8PkJTLN9UJo,ONE,product history|owner comments|setup,en,historical,verify-comments,public,Publish useful support content and make a small number of disclosed helpful replies,YouTube Data API or manual metadata; no commenter identity dataset,Historical audience concentration with about 91938 views observed in July 2026
video-youtube-o4hd-2025,1,video,YouTube,Olive 4HD demo from 2025,https://www.youtube.com/watch?v=SHxb0WYQSIc,O4HD,resale|demo|ownership,en,2025-03,verify-comments,public,Helpful disclosed comment only where comments are open,YouTube Data API or manual metadata; no commenter identity dataset,Fresh buyer and owner signal
video-youtube-o3hd-2023,2,video,YouTube,Olive O3HD demo from 2023,https://www.youtube.com/watch?v=kLv2-mZXL2k,O3HD,resale|demo|ownership,en,2023-09,verify-comments,public,Helpful disclosed comment only where comments are open,YouTube Data API or manual metadata; no commenter identity dataset,Recent legacy-device signal
video-youtube-o3hd-review,2,video,YouTube,What Hi-Fi Olive O3HD review,https://www.youtube.com/watch?v=rtZzxwKR6i8,O3HD,review|owner comments|setup,en,historical,verify-comments,public,Prioritize a new support video over promotional replies,YouTube Data API or manual metadata; no commenter identity dataset,About 14783 views observed in July 2026
video-youtube-o6hd-intro,2,video,YouTube,Olive 6HD introduction,https://www.youtube.com/watch?v=tyiCmCNyoms,O6HD,product history|owner comments|setup,en,historical,verify-comments,public,Prioritize a new support video over promotional replies,YouTube Data API or manual metadata; no commenter identity dataset,About 10957 views observed in July 2026
video-youtube-o6hd-preview,2,video,YouTube,Olive O6HD preview,https://www.youtube.com/watch?v=uQnjDvhztak,O6HD,review|owner comments|setup,en,historical,verify-comments,public,Prioritize a new support video over promotional replies,YouTube Data API or manual metadata; no commenter identity dataset,About 6053 views observed in July 2026
video-youtube-one-ios,2,video,YouTube,Olive ONE iOS app,https://www.youtube.com/watch?v=Vimfv0wfwwo,ONE,obsolete app|iOS|control,en,historical,verify-comments,public,Helpful disclosed comment only where comments are open,YouTube Data API or manual metadata; no commenter identity dataset,About 5013 views observed in July 2026
video-youtube-one-paperweight,1,video,YouTube,Olive ONE player or paperweight,https://www.youtube.com/watch?v=1ZWdxyHsz3A,ONE,abandonment|failure|firmware|app,en,historical,verify-comments,public,Helpful disclosed comment only where comments are open,YouTube Data API or manual metadata; no commenter identity dataset,Strong problem framing despite smaller audience
video-youtube-musica,2,video,YouTube,Olive Musica demo,https://www.youtube.com/watch?v=YUXifshKaVI,Musica,product history|ownership|setup,en,historical,verify-comments,public,Helpful disclosed comment only where comments are open,YouTube Data API or manual metadata; no commenter identity dataset,First-generation audience seed
video-youtube-o4hd-reseller,2,video,YouTube,Olive 4HD reseller video,https://www.youtube.com/watch?v=0R1S_A8Petw,O4HD,resale|setup|ownership,en,historical,verify-comments,public,Helpful disclosed comment only where comments are open,YouTube Data API or manual metadata; no commenter identity dataset,Used-device buyer audience
video-youtube-opus-unbox,2,video,YouTube,Olive Opus 4 unboxing,https://www.youtube.com/watch?v=acmvhiMWheE,Opus 4,product history|ownership|setup,en,historical,verify-comments,public,Helpful disclosed comment only where comments are open,YouTube Data API or manual metadata; no commenter identity dataset,Opus audience seed
community-tweakers-one,2,community,Tweakers,Olive ONE launch and backer discussion,https://gathering.tweakers.net/forum/list_messages/1531191,ONE,crowdfunding|backer|delivery,nl,historical,active-platform,public,Post in Dutch only after community rules review,Manual metadata or permission only,Concentrated Dutch campaign discussion
community-audionet-one,2,community,AudioNet Taiwan,Olive ONE campaign discussion,https://www.audionet.com.tw/thread-3299-1-1.html,ONE,crowdfunding|backer|delivery|ownership,zh-Hant,historical,verify-open,public,Native-language post only after moderator/rules review,Manual metadata or permission only,Large historical campaign discussion
market-hifishark-o4hd,2,marketplace,HiFiShark,Olive 4HD listings search,https://www.hifishark.com/search?q=olive+4hd,O4HD,resale|pricing|parts,multi,2025 to 2026,active,public,Use native alerts and original listing context,Aggregate listing metadata only; no seller identity profiling,Exact-model market monitor
market-hifishark-one,2,marketplace,HiFiShark,Olive ONE listings search,https://www.hifishark.com/search?q=olive+one,ONE,resale|pricing|parts,multi,2025 to 2026,active,public,Use native alerts and original listing context,Aggregate listing metadata only; no seller identity profiling,Exact-model market monitor
market-hifishark-o3hd,2,marketplace,HiFiShark,Olive O3HD listings search,https://www.hifishark.com/search?q=olive+o3hd,O3HD,resale|pricing|parts,multi,2025 to 2026,active,public,Use native alerts and original listing context,Aggregate listing metadata only; no seller identity profiling,Exact-model market monitor
market-ebay-one,3,marketplace,eBay,Observed Olive ONE used listing,https://www.ebay.com/itm/157256676605,ONE,resale|pricing|ownership,en,2026 observed,volatile,public,Transaction-specific use only,Official Browse API or native alerts; no seller identity profiling,Illustrative current-market record that may expire
market-reverb-o4hd,3,marketplace,Reverb,Archived Olive 4HD listing,https://reverb.com/item/13073614-olive-4hd-audio-player,O4HD,resale|pricing|lifecycle,en,historical,read-only,public,Do not contact historical seller,Aggregate listing metadata only,Historical lifecycle evidence
market-stereonet-one-sale,3,marketplace,StereoNET,Closed Olive ONE sale listing,https://www.stereonet.com/forums/topic/454095-olive-one-1tb-network-player-for-sale/,ONE,resale|pricing|lifecycle,en,historical,closed,public,Do not contact historical seller,Aggregate listing metadata only,Historical pricing and lifecycle evidence
archive-org-o3hd,3,manual_archive,Internet Archive,Olive O3HD manual archive item,https://archive.org/details/manualzilla-id-7210830,O3HD,manual|setup|network,en,historical,read-only,public,Not a posting channel,Use item metadata and internal indexing; do not assume republication rights,Stable public archive item
archive-org-o6hd,3,manual_archive,Internet Archive,Olive O6HD manual archive item,https://archive.org/details/manualzilla-id-7210831,O6HD,manual|setup|network,en,historical,read-only,public,Not a posting channel,Use item metadata and internal indexing; do not assume republication rights,Stable public archive item
social-facebook-groups-search,3,search_surface,Facebook,Facebook group search for Olive music server,https://www.facebook.com/search/groups?q=%22Olive%20music%20server%22,all,groups|owner discussion|support,multi,ongoing,login-required,login,Ask group admins before posting; never export membership,Manual in-platform discovery only,No verified dedicated group was found publicly
social-tiktok-search,3,search_surface,TikTok,TikTok search for Olive 4HD,https://www.tiktok.com/search?q=Olive%204HD,O4HD,video|owner discussion|resale,multi,ongoing,unverified-signal,public-or-login,Low-priority publishing and manual discovery,Manual in-platform only; Research API is not a commercial lead source,No exact-model activity independently verified
social-x-live-search,3,search_surface,X,Live X search for Olive 4HD,https://x.com/search?q=%22Olive%204HD%22&src=typed_query&f=live,O4HD,repair|firmware|app|help,multi,ongoing,login-required,login,Manual disclosed replies only; no reply automation,Official API or manual aggregate themes; never scrape followers,Recent API search is limited and paid tiers may be required
